gene_id,baseMean,log2FoldChange,lfcSE,pvalue,padj,stat
LINC00115,23.9473803606784,3.3864627370742,0.428101202672557,4.7686746603417e-10,5.61293740890307e-08,Upregulated
ISG15,3114.90948614851,2.31834871252386,0.913244441018312,0.0023758555785385,0.0490718116217347,Upregulated
PER3,98.1084142603633,3.31754022672376,0.335387725767299,1.09672652466539e-13,2.18313091733393e-11,Upregulated
OTUD3,106.012536586864,2.25863193443054,0.295730806331394,7.7154245461443e-07,4.36970655466984e-05,Upregulated
ZNF436,275.277641467484,2.97818258286072,0.254030935975412,2.29339882383193e-16,6.89854366208643e-14,Upregulated
PNRC2,298.184785961726,1.75225356585283,0.297954663935161,0.000777663063458813,0.0191389949581427,Upregulated
FAM110D,7.62190807878772,6.64157545452915,5.64393085436487,6.72553673915451e-05,0.00237554107926404,Upregulated
CNKSR1,104.641555353839,3.04911509711491,0.557105900139549,4.21373841799941e-06,0.00020516965189223,Upregulated
GPR3,24.1369878857168,2.61373447032468,0.390211404837212,1.02851464835273e-06,5.70572716397647e-05,Upregulated
THEMIS2,136.973232701853,4.5766311817699,0.75473258713847,1.48162839990932e-08,1.21547406188925e-06,Upregulated
EYA3,212.970989587398,1.51845763512037,0.192439376972014,0.000886035980382557,0.0214935179757317,Upregulated
ZC3H12A,1034.49575610921,2.92968741642886,0.362209873970558,2.85959997836987e-09,2.74521597923507e-07,Upregulated
SNIP1,237.872946435347,3.06829394213862,0.21032809601506,2.61741607985758e-24,2.53066743263944e-21,Upregulated
RLF,588.308039806366,3.64550401168302,0.329683547744987,1.68676892019564e-17,6.00844844836003e-15,Upregulated
TMEM125,27.488583653048,13.7920779862794,1.11822459864258,4.7593482603172e-31,8.05281725645671e-28,Upregulated
GPBP1L1,707.290454391161,1.68662842153144,0.162074487248892,2.00139040030791e-06,0.000103006921895695,Upregulated
PRPF38A,294.062012898617,1.40580966211047,0.12221254261616,0.000162116134339643,0.00504460688372739,Upregulated
MYSM1,280.151815914106,2.15188661589061,0.276784352963117,1.26753190537034e-06,6.9182709157633e-05,Upregulated
JUN,2437.60070885524,2.47526580037012,0.392092718647593,4.98747595415729e-06,0.000235228134200255,Upregulated
PDE4B,633.038708022767,1.90674092688786,0.408125777446843,0.00121940138930061,0.0278814479823869,Upregulated
MIER1,508.985157662833,2.19237450831513,0.286874384163727,1.25052840385874e-06,6.85309816786717e-05,Upregulated
IFI44L,604.351875005319,4.27690592877307,1.24384970757592,2.59813926874666e-05,0.00101349893780273,Upregulated
IFI44,657.713450341389,5.07531015157006,0.901454157401939,2.77633771503404e-08,2.14745756061147e-06,Upregulated
C1orf52,174.991686942071,1.52901989201108,0.16177514525799,0.000137275378772943,0.004424189350168,Upregulated
BCL10,356.850888886181,2.39750095012975,0.244504707642968,4.28761544817095e-10,5.09097918477561e-08,Upregulated
GTF2B,400.6763082003,1.8388075437254,0.278013879650395,0.000149490187543253,0.00474286710148254,Upregulated
F3,4982.43006726175,2.0888955277604,0.451065272148642,0.000553129917443511,0.0144539895029254,Upregulated
PTBP2,127.766370994676,1.72388029749516,0.282340497088544,0.000746461304517813,0.018438139083856,Upregulated
PRPF38B,581.631864079988,1.66609632292969,0.260669133521018,0.000880734898049233,0.0214032811130959,Upregulated
GSTM1,20.9080787405231,-20.3570151229366,1.05753913126336,5.29717543963945e-76,7.17025667509596e-72,Downregulated
RBM15,173.246227219319,1.75141503929292,0.208078585551927,2.24080481990169e-05,0.000886886960297933,Upregulated
C1orf162,105.833429121562,2.32893468987212,0.849056608195611,0.00200713978146951,0.04245100637808,Upregulated
RSBN1,125.143660255017,2.54602161949551,0.279632591578942,1.1869557804982e-09,1.24547546083904e-07,Upregulated
HIST2H2BF,19.4337543041452,3.56267527083574,0.578616292077943,1.30112357382644e-07,8.59122375381204e-06,Upregulated
HIST2H2BE,430.853757881964,3.88456611524486,0.332311548490093,5.34882594747534e-20,2.49661062155263e-17,Upregulated
MCL1,4564.41578365977,1.55915282549751,0.175453903001158,0.000168067179260982,0.00518213516737279,Upregulated
POGZ,612.434928122834,1.60030565362195,0.216484851144402,0.000560894411694101,0.0145445723308263,Upregulated
S100A7,27.6535195525256,2.62091730079288,1.64074833366042,0.00155681453946301,0.0344330745198878,Upregulated
CRTC2,450.876612016381,1.92977571682824,0.221744976546646,1.46074201842172e-06,7.84659418286342e-05,Upregulated
EFNA3,105.99233516539,3.21709823203064,0.40100381553151,7.30966769489946e-10,7.97932757404509e-08,Upregulated
EFNA1,1275.02702690387,4.86110688903236,0.439706961885485,1.46090741548049e-20,8.23951782330997e-18,Upregulated
YY1AP1,565.209745508485,1.52414692862043,0.162696048259643,0.000164444462658287,0.00509363900810656,Upregulated
RIT1,519.088040893954,1.62416105495451,0.221924249655331,0.000467659153027471,0.0125849588377333,Upregulated
SEMA4A,84.6063452907404,3.6980583576883,0.556426538611443,1.62951629654966e-08,1.32078638264049e-06,Upregulated
IFI16,1366.01137744106,2.27573824632479,0.453585379132071,0.000144817170075178,0.00463414944240571,Upregulated
POU2F1,236.226362064758,1.79451728870267,0.241496879489066,6.56960212893402e-05,0.00232790927793851,Upregulated
SELE,194.546077853701,6.19096038582861,1.05416087449804,1.18678985770923e-09,1.24547546083904e-07,Upregulated
METTL18,62.3509851198284,1.62258982177091,0.206633465823363,0.000251521956375722,0.00738525206399516,Upregulated
ABL2,702.794393828303,2.36438219517726,0.274796052524971,2.56484892026745e-08,1.99527557383564e-06,Upregulated
CEP350,530.545073801295,1.63962059536577,0.274897343367287,0.00172151979867973,0.0373437371713603,Upregulated
IER5,1224.05827458952,2.63097366155708,0.231263739167202,7.06270638429338e-14,1.42687751668351e-11,Upregulated
PTGS2,2163.23822714894,1.98783258055286,0.521382498548676,0.0021360002492656,0.0447568101765622,Upregulated
KDM5B,1016.57746443737,1.57846365952973,0.218423508725122,0.000855353713752386,0.0208990394753652,Upregulated
ZC3H11A,1319.66009324932,1.55745325058217,0.20349083607298,0.000696104195326547,0.0173526084492452,Upregulated
PPP1R15B,932.141240122793,2.27344184488874,0.225477546024607,6.62097619406868e-10,7.46846114690947e-08,Upregulated
MDM4,239.38719398295,2.36701153345397,0.218934299936798,1.74425767581085e-11,2.56633390214953e-09,Upregulated
RASSF5,105.802269578874,2.14242208358289,0.31012403847779,8.94111646795869e-06,0.000389154188135977,Upregulated
PIGR,185.811911876263,3.88106817527975,0.912558473361599,1.03801632187462e-05,0.000443236243939901,Upregulated
YOD1,531.436607863221,1.74415293269325,0.334120004693991,0.00169942365308263,0.0370425097715401,Upregulated
CD34,48.7454667006285,13.1243811549085,1.52064958608213,1.79862134617274e-16,5.6618926841382e-14,Upregulated
ATF3,951.851049236691,3.34430933256878,0.679107300753051,6.90468230858401e-06,0.000310504251591339,Upregulated
PROX1,16.1206298959292,4.08279581483736,0.603626727235185,3.28900419823588e-09,3.13520850896626e-07,Upregulated
DUSP10,267.828419846419,1.87375161581159,0.308496034096175,0.000248467883621748,0.00731143754935649,Upregulated
WDR26,1072.70762539631,1.70713898970242,0.207236928491599,5.20097255842532e-05,0.00188740923728807,Upregulated
EPHX1,1155.82852759891,-2.24244757609611,0.341817880198396,9.74913828253087e-06,0.000417608657570689,Downregulated
EXOC8,230.016282115601,1.51545231514624,0.217817186055589,0.00218818355443641,0.045708723137116,Upregulated
ARID4B,724.928890157393,2.35627891261921,0.24806612239188,1.78301157934027e-09,1.81464998029699e-07,Upregulated
B3GALNT2,339.549225799431,2.02816424533941,0.189008357474948,2.5700182654039e-09,2.5392530832487e-07,Upregulated
ZNF669,47.0588336287226,2.0499845336698,0.283347942391076,9.16136409702992e-06,0.000397153522591706,Upregulated
DIP2C,202.540177013897,1.71751115948099,0.325054505956478,0.00189814531343244,0.0405643020718151,Upregulated
KLF6,2682.38394214776,2.36073135358351,0.276834612965234,3.30047018603682e-08,2.50984069877496e-06,Upregulated
ARL5B,528.817330488201,3.00008309795158,0.460782818750332,3.21958177664589e-07,1.93690039683017e-05,Upregulated
ZEB1-AS1,49.5103320870534,2.34257183066612,0.294905395855524,1.92105797768014e-07,1.2265773955603e-05,Upregulated
EPC1,342.605591151982,2.32511182329608,0.227103717966648,2.17567499180445e-10,2.67726697173318e-08,Upregulated
EGR2,34.8969069271366,4.66809046212174,1.09616960302676,2.98816237316033e-06,0.000149806540307771,Upregulated
NRBF2,336.305121429734,1.5730364286114,0.150377970979159,1.61516292721597e-05,0.000666550164109615,Upregulated
PSAP,9753.72879395234,-1.74420939399267,0.154994979014108,1.22890337394862e-07,8.1541353283179e-06,Downregulated
SPOCK2,155.604429533826,1.89648668774027,0.398731266515051,0.00116697050451103,0.0269099024685882,Upregulated
DDIT4,3655.89171439045,2.10371572311833,0.273261058064005,2.24007038686761e-06,0.000114854518017576,Upregulated
ADIRF,351.598860513526,3.95074127189224,1.00728694117472,1.80115270314143e-05,0.000738800090597646,Upregulated
IFIT2,4603.7933615823,5.16798596811111,0.782262913299047,5.15141099917236e-10,5.95978626365787e-08,Upregulated
IFIT3,4410.71290724322,4.44241330197268,0.747341094237551,2.99615284798788e-08,2.30431391763431e-06,Upregulated
IFIT1,4731.72878267432,5.1057857841545,0.873547932336572,1.20867797420847e-08,1.00991759622752e-06,Upregulated
BTAF1,694.538138931495,1.83862925330027,0.323960596973259,0.000540642715529847,0.0141824414678527,Upregulated
GOLGA7B,71.1299844098453,2.54667487275627,0.361651482883537,5.90400642902917e-07,3.38629792471775e-05,Upregulated
SMNDC1,478.192913326148,1.99541685861599,0.213221365492376,1.4869577397374e-07,9.72341061115237e-06,Upregulated
DMBT1,29.1489410994069,3.52605500799749,1.06618309050021,9.90509115192301e-05,0.00335188284581075,Upregulated
IKZF5,157.825542492516,2.11771002171905,0.253855771650087,4.49795833096999e-07,2.6356867518619e-05,Upregulated
IFITM1,2294.29097276185,3.41465306700258,1.10468290186254,0.0001591572855557,0.00501012329600455,Upregulated
IRF7,627.725188661935,3.70275452382331,0.705149389290783,1.30857385972117e-06,7.11359669284571e-05,Upregulated
DUSP8,269.302704503392,4.058773380147,0.31285920232502,1.73438952176751e-24,1.80589973589577e-21,Upregulated
DCHS1,20.0283657459001,2.04621919924338,0.536053556919149,0.00171179192219078,0.0371923201585465,Upregulated
SCUBE2,18.0193462646908,3.60502348931196,0.616215408406066,2.98523589579347e-07,1.81202480203858e-05,Upregulated
LOC644656,63.8358009486535,2.6568174982118,0.299723050620491,1.13857488252796e-09,1.21352359133059e-07,Upregulated
ZNF143,238.062278829554,2.05408055414655,0.216451400799265,5.13455319393786e-08,3.77724521919255e-06,Upregulated
ADM,1474.02382583789,2.07115312325971,0.408896791470552,0.000329376064345205,0.00930779625673631,Upregulated
CSTF3,588.639850551242,1.62761950097724,0.176902484156556,3.86304361103414e-05,0.00143260707723173,Upregulated
LMO2,111.898154970243,3.14341204724879,0.965034301922225,0.000207683937320783,0.00621949065392504,Upregulated
C11orf96,189.315720826926,5.95019558476553,0.947325728300216,3.6793366203458e-10,4.40738942415936e-08,Upregulated
CELF1,1152.0100497946,1.95736253144267,0.175699889338411,2.67519779743958e-09,2.60514225799583e-07,Upregulated
SERPING1,646.250009812458,2.44356066167243,0.932879995864036,0.00168136856729992,0.0367673746800835,Upregulated
SLC15A3,55.5271343043965,3.09532747952263,1.05415807574497,0.00033386773172367,0.0094150700346075,Upregulated
SNHG1,1056.04143843879,1.99407724036444,0.260434981850079,6.37973317532202e-06,0.000294730608399859,Upregulated
FERMT3,55.3102083832139,2.71368783921631,0.455013073477239,4.09975352470983e-06,0.000200340302203871,Upregulated
PYGM,16.8784855856979,2.38661006033278,0.614396997666953,0.000522311697095451,0.013808615491961,Upregulated
BATF2,194.419872988783,3.09017140912559,0.78562940871259,8.5443790911865e-05,0.00292062412571466,Upregulated
TIGD3,10.7849546088041,2.37391851600871,0.580403286739764,0.000412447789365614,0.0113228757163083,Upregulated
NEAT1,7287.66358599195,2.32297284163976,0.555159023660856,0.000425621047655546,0.0116358002852057,Upregulated
FOSL1,921.028047381682,2.00121702112258,0.342282787048975,0.000149616153393399,0.00474286710148254,Upregulated
SERPINH1,1622.07398789584,-1.71110232686255,0.173501588014862,3.43461760694759e-06,0.000169058123373246,Downregulated
RSF1,479.079616861326,1.87305714558732,0.306603970290089,0.000237575521156752,0.00700614870234813,Upregulated
RAB30,70.5078067720859,1.72561335203536,0.315825433620552,0.00149477694254606,0.0331693454004976,Upregulated
PCF11,761.998082513633,2.63456803460142,0.22403928899986,1.20642795471002e-14,2.7217014658258e-12,Upregulated
EED,255.08024260791,1.5584513654171,0.19613837335378,0.000502608015647955,0.0133923269681313,Upregulated
SNORA25,11.6439674487074,2.92627920758962,0.548104924046977,8.37282356264714e-06,0.000370374312888862,Upregulated
TAF1D,450.28811120427,2.01773581567754,0.302237879749103,3.35717088735619e-05,0.00126934818802384,Upregulated
HEPHL1,51.2364074680908,2.27200852395277,0.704488924814072,0.00152889300313081,0.0338708603770518,Upregulated
ANKRD49,131.180829447829,2.39085427671762,0.235527868386139,1.40199365059809e-10,1.80844315092554e-08,Upregulated
FAM76B,100.48903501589,1.75053539631694,0.285681520719581,0.000587690986088696,0.0151523527384697,Upregulated
BIRC2,645.862821015541,1.64985272526567,0.255429239929536,0.000946670477131316,0.0225600908071294,Upregulated
BUD13,141.240599565216,1.62533849641507,0.19416695573894,0.000125426273114857,0.00406165079637012,Upregulated
NTM,44.756366488002,-11.4001989258593,1.17196662706399,2.95688861421706e-20,1.48238682526082e-17,Downregulated
SLC6A12,10.1858516232308,3.17969519772168,0.836757742806922,8.81362035095677e-05,0.00300506713024057,Upregulated
CACNA1C,5.15972862660494,13.9327811985651,1.77938620053342,4.35155329645863e-14,8.92464021528242e-12,Upregulated
C12orf4,185.029738484372,1.82845102201484,0.217475194411969,8.75476284290184e-06,0.000383509611137603,Upregulated
NECAP1,314.008106843167,2.47800519167072,0.218046756654829,5.00272975733764e-13,8.7944090903016e-11,Upregulated
CLEC4A,72.0034030164194,4.95189706071397,0.917992418591156,7.74013726642781e-08,5.51423673886141e-06,Upregulated
RIMKLB,376.049856797856,1.56945263604293,0.179830105429711,0.000174987337924781,0.00535888041148295,Upregulated
CDKN1B,481.650494771695,2.31992053547525,0.223822208084343,1.5018112613385e-10,1.91778464466773e-08,Upregulated
AEBP2,307.877876429478,2.33783500763761,0.237406840843401,6.9502821950268e-10,7.77421044226855e-08,Upregulated
RASSF8,158.940685819904,2.24298541713776,0.341379780648061,9.51869851769442e-06,0.000409032073446069,Upregulated
BHLHE41,145.003481237421,5.66492405771977,0.451494763865906,2.8115754146255e-27,3.87768426106908e-24,Upregulated
FGFR1OP2,279.045059151841,1.62721398932347,0.17613422658149,3.68084097008672e-05,0.00138016242025191,Upregulated
YAF2,145.302031999369,1.93888724522028,0.203414402345879,2.08048334840653e-07,1.30983360948981e-05,Upregulated
SLC38A4,9.73392172138341,5.24739636909036,0.845096394265345,2.25761262201038e-09,2.24698856261269e-07,Upregulated
VDR,227.12735535788,2.30712042763193,0.319776955399223,1.53298577231723e-06,8.13744918199451e-05,Upregulated
ZNF641,157.480919435118,1.85486348218566,0.203036483470689,1.54576119435426e-06,8.17321231514813e-05,Upregulated
CCNT1,614.555300646462,2.29232862070769,0.269421886312602,6.14838300259484e-08,4.45050868038095e-06,Upregulated
HOXC10,15.9812400144159,1.7060897267105,0.273448251185203,0.000740500425123333,0.0183243395876955,Upregulated
IL23A,33.7372348006732,2.55735042037997,0.651847575793229,0.000307593686337104,0.0087654487121243,Upregulated
STAT2,999.000575542257,1.89812125633039,0.440750261378145,0.00188658872914601,0.0404064320217096,Upregulated
DDIT3,424.962129438683,3.47202296206394,0.362269636903429,1.69330373724402e-13,3.27436562676216e-11,Upregulated
CTDSP2,800.577235687155,2.27012247665177,0.238233044589423,3.90229887353873e-09,3.64286327946347e-07,Upregulated
TBK1,559.821275186358,1.65116088141042,0.193106697708914,6.91021197645662e-05,0.00242952283930693,Upregulated
FRS2,465.299070534549,3.03940910222611,0.28326413410177,1.85532457497692e-14,4.05059249143349e-12,Upregulated
ZFC3H1,719.197737072434,1.56147059019963,0.221098038120149,0.00121501417144594,0.0278753081774445,Upregulated
THAP2,79.6850254915183,1.88775240479969,0.29033892590725,0.000119247230284839,0.00391779249790188,Upregulated
TBC1D15,328.74022387335,1.98394406343292,0.258472718619343,6.74418712191206e-06,0.000308283230458896,Upregulated
PHLDA1,2154.07469073062,1.6101950280849,0.206926298613368,0.000318783950178977,0.00906525115466938,Upregulated
BTG1,1655.92940152254,2.51269821659621,0.301090440552911,1.78572424557618e-08,1.43027002296564e-06,Upregulated
HCFC2,105.776427823119,2.24253896604016,0.263672780844528,9.53990411702668e-08,6.62216113477298e-06,Upregulated
CRY1,205.63062770451,1.7291771723589,0.313680819564243,0.00138531175909236,0.0312006322314047,Upregulated
PPTC7,329.661055210134,2.10152530674798,0.385044715532141,0.00015704814279375,0.0049552532887091,Upregulated
OAS2,1988.73515959264,5.02550274887272,0.935223748326462,7.29470338509159e-08,5.22439709103702e-06,Upregulated
OASL,1391.7194814694,6.68918407352475,0.961231081617014,2.3979955590613e-12,3.81873739852397e-10,Upregulated
RSRC2,1201.02558352387,3.12238338820929,0.275289075843826,3.65049979834492e-16,1.07419924500863e-13,Upregulated
ZNF26,20.8918010709275,2.48694171271207,0.559301708660613,0.000172590549302141,0.00529747318674327,Upregulated
ZMYM5,120.774048494832,1.70724084169928,0.233690439063007,0.000194411241407415,0.0058739967939526,Upregulated
RNF6,836.96759101654,1.87327063997198,0.272945365937568,7.64907261852788e-05,0.00264802677658295,Upregulated
PAN3-AS1,13.8792030264889,2.01843397704307,0.360382012665675,0.000197025202260269,0.00593971745611358,Upregulated
USPL1,301.213851294742,2.34336687515491,0.217359294087882,2.61985915188249e-11,3.65591891545169e-09,Upregulated
UFM1,761.132919159649,1.96851702134327,0.23111911701641,1.39005518812174e-06,7.52631481056634e-05,Upregulated
FOXO1,147.134668341536,2.24550584669208,0.2971108932925,1.02833102454156e-06,5.70572716397647e-05,Upregulated
EPSTI1,374.555166552287,2.90317740802962,1.10765783125829,0.000650673465608689,0.0164928763948211,Upregulated
TSC22D1,1931.02930459753,1.65352374341038,0.259344863845591,0.00100194350957275,0.023710327527232,Upregulated
SNORA31,20.6198056977305,3.64000528795061,0.934210543117678,3.1669702343835e-05,0.00120078736954104,Upregulated
LPAR6,170.494519979277,1.97757849106418,0.444470468908847,0.00112626932571477,0.0261944700908508,Upregulated
INTS6,378.807770087853,2.2192510143156,0.250330153352815,4.45011273820086e-08,3.30971022111466e-06,Upregulated
ING1,113.267579642967,1.75635319017891,0.248354904749837,0.000162859821586159,0.00505612510318864,Upregulated
LINC00641,260.506183385546,3.06266325272353,0.352415109999695,1.31623337698875e-10,1.74622390584967e-08,Upregulated
RAB2B,221.096303742282,1.86650886107954,0.23479351014188,1.29797980209005e-05,0.00054394596288207,Upregulated
NGDN,423.745733914968,1.6914313112114,0.169777318396511,4.02614299204338e-06,0.000197456056305432,Upregulated
NFKBIA,5095.05298471445,4.57709192924998,0.40893603697627,2.1493396333216e-20,1.11897927987081e-17,Upregulated
MBIP,193.50559153669,2.31102111625559,0.22424226284576,2.03966827457825e-10,2.5563842374714e-08,Upregulated
PNN,2548.67871916122,2.18463672514503,0.281526097284937,1.00796767664667e-06,5.63795474011955e-05,Upregulated
PRPF39,357.697482919054,1.81362515464432,0.242249680173946,4.95383129415958e-05,0.00181229892966876,Upregulated
SIX4,98.2753258636811,2.82356854352788,0.374724045212031,3.29380944418093e-08,2.50984069877496e-06,Upregulated
ZBTB1,482.995012462258,1.55760540783991,0.215457164786998,0.00107389039155084,0.0251491009343118,Upregulated
IFI27,1036.31344755542,2.55687972615632,1.02545457534696,0.00143492150456371,0.0322107752666243,Upregulated
PPP4R4,82.750743264737,5.93948250143117,0.55374751103394,1.64275540115901e-21,1.01074259591311e-18,Upregulated
SNHG10,125.421801426293,2.71712574834368,0.286343882781685,7.20032351831304e-11,9.64985932117676e-09,Upregulated
BDKRB2,372.321939577236,2.00301966702768,0.257708012661263,4.65454909153538e-06,0.0002218449876867,Upregulated
MKRN3,24.669052424117,1.83768683569653,0.340029016598333,0.000760929735780961,0.018761283977288,Upregulated
BMF,60.7137363564718,2.15392783381653,0.534065023074119,0.000914664607438296,0.021990941609742,Upregulated
INO80,390.302783679391,1.52103838504087,0.175598137985289,0.00038389975829973,0.0106050349558064,Upregulated
CTDSPL2,188.45006832503,1.96067458224184,0.372187893334911,0.000438332941143585,0.0118903300427246,Upregulated
DUOXA2,8.75910108835056,13.7772691046818,1.27988543750635,3.05429863510456e-24,2.75619908831835e-21,Upregulated
ANXA2,35802.8174771582,-1.70033925027428,0.132502654883798,1.09804651346866e-08,9.34789786560485e-07,Downregulated
ARID3B,106.194225914236,2.33970339061616,0.256178060715441,6.55681491930988e-09,5.80085272861298e-07,Upregulated
CYP1A1,136.298900084723,5.65410960635459,0.733860036495699,8.90961982184392e-13,1.50750767385599e-10,Upregulated
DNAJA4,135.921847388549,2.69115872083583,0.696532831250618,0.000237271852526851,0.00700614870234813,Upregulated
BCL2A1,1810.33429130162,2.10789597597882,0.59402980921868,0.00181831662663842,0.0391299425408229,Upregulated
AEN,1161.30820073432,1.84859003364207,0.209507370433033,3.11915509298606e-06,0.000155223835803895,Upregulated
CHD2,2244.56287127195,3.13239984393136,0.297546222874757,2.14919828319721e-14,4.6177060256123e-12,Upregulated
PRKXP1,60.3039656494397,4.67939709866509,0.410521326329588,3.04973497291962e-21,1.79483533014957e-18,Upregulated
DCUN1D3,183.150718055865,1.72069309624049,0.274211756459922,0.000628341050156368,0.0159795237561044,Upregulated
SCNN1G,7.8921462274841,3.24908206260726,1.23266368400053,0.000346780933278574,0.00971848180716103,Upregulated
RBBP6,1124.37495476876,2.6775032011463,0.248508054105516,5.71073973391828e-13,9.91032987670741e-11,Upregulated
TBX6,10.0565740668215,2.34953488611391,0.622407421090176,0.000668762408343003,0.0168572960136515,Upregulated
ZNF764,75.0445762223376,2.2920822666283,0.20710063295484,1.83614157829039e-11,2.67247445201491e-09,Upregulated
PRR14,327.731183568271,2.18286695665214,0.26051626461422,2.25313689235437e-07,1.40181229263416e-05,Upregulated
CLUHP3,55.9691118582538,3.32693321323111,0.30013346493671,2.07621682930714e-16,6.38719795488669e-14,Upregulated
ZNF267,449.405076955085,3.41635930634613,0.317054412798552,5.23717449883964e-16,1.50830625566582e-13,Upregulated
NOD2,25.9927990724794,2.81445309952772,0.926840353445591,0.000514981122821497,0.0136414569051111,Upregulated
CYLD,585.237939776487,2.91756824362536,0.297428054429194,3.71411101574614e-12,5.84583798943486e-10,Upregulated
SALL1,32.4209193450325,2.54347294616238,0.437276283020814,1.11069665126864e-05,0.000471297488137061,Upregulated
ZNF23,159.515790856915,1.81569492193048,0.227518001342302,2.14907503269409e-05,0.000860647326702579,Upregulated
ZNF821,54.2817481551231,2.17665294471641,0.342152725288505,2.13325789223999e-05,0.00085684803647954,Upregulated
FOXC2,17.6211115369572,4.71060699528029,0.50733143857129,2.27029700077415e-15,5.79825286839224e-13,Upregulated
MAP1LC3B,1139.17905910796,1.90366103983504,0.253922894870061,2.0040812662159e-05,0.000809768478193981,Upregulated
ZNF778,76.9412076536593,1.71739749249211,0.247296694917939,0.0002821587816484,0.00814349950616789,Upregulated
P2RX5-TAX1BP3,14.8776524548722,3.15565483430007,0.65214282788012,1.32936962057896e-05,0.000555381085930766,Upregulated
XAF1,413.854575059441,4.03694652141745,1.12591994470979,2.88734444702603e-05,0.00110716981402109,Upregulated
RNASEK,27.1782233600312,2.86044444957448,0.414013199405854,1.8407288525636e-07,1.18648122610956e-05,Upregulated
BCL6B,43.6819391068012,2.47104815701693,1.16594009845653,0.00209395325172396,0.0440804840051874,Upregulated
WRAP53,262.360302917606,2.27983517148891,0.284353677831085,2.53186810320667e-07,1.56342519046907e-05,Upregulated
KDM6B,750.96776306438,3.41264059640325,0.234080504773144,1.43948299369338e-26,1.62373681688614e-23,Upregulated
ALOXE3,35.4708084038143,1.89452956175245,0.452739040528702,0.00216932753567269,0.0453848802517242,Upregulated
PER1,480.607181450979,4.76277396680296,0.32326417697615,2.62825078470202e-33,5.92933377028776e-30,Upregulated
VAMP2,482.87274208729,2.37097931453226,0.29195654008451,9.62670193901156e-08,6.64831823706431e-06,Upregulated
USP43,157.419243656152,2.93046773535689,0.307224372703792,1.05313704363706e-11,1.60171494636755e-09,Upregulated
MYH3,42.681472342956,2.08813610181667,0.393095009530041,0.000210608783167127,0.00629315781225217,Upregulated
MGC12916,19.5697628402581,2.21402349819692,0.768920568281538,0.00242137216291791,0.0498634006543844,Upregulated
ZNF624,42.8339616841406,1.89391741376493,0.293673092485182,0.000123258373513312,0.00400102000929542,Upregulated
KRT16P2,10.3828044714045,-14.3506282101588,1.25307180822415,2.86471946000966e-27,3.87768426106908e-24,Downregulated
PLD6,132.516576406,3.14541610781872,0.229190656380475,2.33887478505738e-22,1.66626363634403e-19,Upregulated
FLCN,401.816328876433,1.97020094232757,0.176282006832093,1.92979341472848e-09,1.94937937774363e-07,Upregulated
MED9,182.51874405534,1.62451310563715,0.162088447130425,1.18801613982588e-05,0.000502530827146348,Upregulated
NSRP1,627.896957773987,1.94616951208814,0.322736184782516,0.000160454588696957,0.00501596607991225,Upregulated
SUZ12P1,60.0064466268081,1.70998880085092,0.313348169316745,0.0016780548792705,0.0367542893945072,Upregulated
LRRC37B,61.0703658436639,1.61225902593892,0.22645598079977,0.000665990495005841,0.0168187450380579,Upregulated
CDK5R1,88.0148166803523,2.24616804683757,0.253743168891332,3.57210982668465e-08,2.7012334421231e-06,Upregulated
CCL2,5818.97101954484,3.52604424954153,0.538579340749398,4.07894428843945e-08,3.05041933084621e-06,Upregulated
ZNF830,274.031221189478,2.80543808436164,0.227673903452034,8.45291186905173e-17,2.7906979282801e-14,Upregulated
CWC25,415.620348078234,1.70549562783786,0.132923037520816,9.61273338184837e-09,8.23531386434807e-07,Upregulated
IKZF3,57.8070348010751,4.77640461261339,0.805172256813799,1.62823391767006e-08,1.32078638264049e-06,Upregulated
CSF3,1330.23365278185,2.44960539912824,0.966336248034273,0.0017609561362958,0.038077160161182,Upregulated
NR1D1,536.840310120757,5.23663445055356,0.348786978469496,5.16388350627573e-36,1.39796654281897e-32,Upregulated
MSL1,839.888402763084,1.42690956245968,0.157628740165093,0.00110374210520749,0.0257861687094859,Upregulated
DHX58,155.690680106086,2.59842749016362,0.721403248296285,0.000426370932436614,0.0116358002852057,Upregulated
STAT5A,147.363560762914,2.30620211310526,0.521926825432523,0.000323738689241308,0.009167629492825,Upregulated
AOC2,65.2270826974774,1.65143690688579,0.253204358055064,0.00087133826949568,0.0212512339025108,Upregulated
AOC3,91.4083195116256,2.32317738722163,0.431936570085461,6.446854936311e-05,0.00229041019469569,Upregulated
ARL4D,215.85810491727,1.66451594950237,0.221285947484793,0.000233055329167405,0.00691806345528507,Upregulated
GPATCH8,738.297343498334,1.71501219906829,0.247231525118916,0.000291692331133009,0.0083651427843568,Upregulated
KANSL1,593.885248956296,1.74736022203583,0.193747758632277,8.60553337005749e-06,0.000379428337775564,Upregulated
NGFR,16.9955209730437,2.21632850816736,0.721230736990731,0.00205058946183558,0.0432348581859913,Upregulated
VEZF1,725.951231590191,1.72483557269278,0.255636532485126,0.00033896564606976,0.00953895838918976,Upregulated
PPM1D,376.553540652801,1.8174313952948,0.158660980399422,1.72618523608454e-08,1.3908121045024e-06,Upregulated
TBX4,12.3915999479525,2.1994717879927,0.602593890478121,0.0012193031479283,0.0278814479823869,Upregulated
MED13,946.843653619878,1.71762924554685,0.277221879705658,0.000707331761433664,0.0175677848124148,Upregulated
TLK2,493.33699087433,1.87829330676378,0.188732548122669,1.91981927716703e-07,1.2265773955603e-05,Upregulated
ICAM2,9.88946376258227,12.275600586304,1.45878975504617,7.39146123883752e-16,2.04185345569193e-13,Upregulated
MIR3064,34.6376415661265,2.01414683756801,0.353006367733612,0.000172145580986183,0.00529582405506585,Upregulated
MIR5047,278.691436774246,1.89763159610074,0.41899317962187,0.00149443835543648,0.0331693454004976,Upregulated
DNAH17,75.7212368484123,3.25475310195233,0.493248886644431,9.16097036321534e-08,6.39602189149993e-06,Upregulated
AATK,10.2483387974414,1.91293520071928,0.474667760874138,0.00233101785486103,0.0483936467536794,Upregulated
MAFG,1097.45012425452,1.69530131537272,0.236300745001533,0.00026151806956934,0.00764559090645915,Upregulated
ROCK1P1,8.75458572638812,2.34620385393375,0.843485605938363,0.00186745695280603,0.0400600591334112,Upregulated
SMCHD1,561.305069554658,1.82852403920277,0.356349230379677,0.00110864628028914,0.0258289777108328,Upregulated
ANKRD12,393.832164496118,2.36467725029313,0.309294578680628,3.60589343075476e-07,2.15019266425976e-05,Upregulated
LDLRAD4,22.7451932847654,4.23773378025397,0.741322033146394,9.97153288845218e-08,6.85150604964917e-06,Upregulated
RNMT,552.680717614881,2.33766410941654,0.360724083443635,6.80974334420878e-06,0.000308283230458896,Upregulated
RIOK3,758.166324411103,1.67260589214907,0.2365867998803,0.00037640691393673,0.010419312856948,Upregulated
MAPRE2,247.106452491604,-1.46909330267716,0.159132529301692,0.000472443172984945,0.0126884737887385,Downregulated
ZNF24,665.659200722533,1.67624861000946,0.184659711632794,2.20898804968355e-05,0.000876858130220425,Upregulated
MEX3C,521.719673127178,1.87926456702537,0.257237649098021,3.51584320855432e-05,0.00132563937802204,Upregulated
NEDD4L,893.17431118083,1.74386796651094,0.262289903787048,0.000323551794242148,0.009167629492825,Upregulated
ADNP2,392.493656463672,1.86459074428524,0.254060263708424,3.81560780518377e-05,0.0014228117699991,Upregulated
DIRAS1,29.0487656961711,2.56500412161633,0.418835337090817,5.14356349306742e-06,0.000241747484174169,Upregulated
ZNF554,36.0544947171159,1.9320359976975,0.369265018996077,0.000539069172177371,0.0141686219700833,Upregulated
ZNF555,72.8654088192554,3.82417576067844,0.329140172235767,1.34093291779185e-19,5.85511870168726e-17,Upregulated
ZNF57,239.792551181555,5.64371630698039,0.365000323917046,2.7527301322297e-39,9.3152387674653e-36,Upregulated
ZNF77,109.02423164926,4.96568021488557,0.300629926939108,9.81720404337565e-42,4.42952246437109e-38,Upregulated
TICAM1,308.999769396959,1.71932498423945,0.225388187602311,0.000109358491709443,0.00361625803750063,Upregulated
ZNF557,70.6893616443932,2.10871327358409,0.208616078082483,4.73717070584288e-09,4.33259072123576e-07,Upregulated
ZNF317,397.387867879871,1.82878998730781,0.174957769387026,1.40606283216065e-07,9.23906140588668e-06,Upregulated
ZNF121,106.069034967957,3.08305282982956,0.319423816613296,1.97129344603001e-12,3.17659858160264e-10,Upregulated
ICAM4,16.9981925276994,3.75319943924939,0.768261378172111,3.04958477267857e-06,0.000152321695509141,Upregulated
ICAM5,35.5791236676766,4.37174463255058,0.404492137903899,7.98339177524157e-19,3.37697472092718e-16,Upregulated
ZNF627,106.210039050079,2.80776142011267,0.264131139807522,2.79282126312253e-13,5.04048381568353e-11,Upregulated
ZNF441,18.4792397939504,2.86908910834695,0.649365533259236,6.23779034318174e-05,0.00222782928984982,Upregulated
ZNF700,32.1531264505051,2.81159490603811,0.867426612762516,0.000409966850681959,0.0112790879894939,Upregulated
ZNF136,31.308119193286,1.8494027201542,0.408473469639693,0.00189995327375375,0.0405643020718151,Upregulated
ZNF44,28.7531399575816,2.47919117629054,0.364867428902614,1.57157641202541e-06,8.27737677555486e-05,Upregulated
ZNF799,31.7414225034278,2.40348522969448,0.298440540749185,9.16687534686013e-08,6.39602189149993e-06,Upregulated
JUNB,2045.22143953833,3.36185780215829,0.386398256881879,2.02177019181989e-11,2.88070329647096e-09,Upregulated
IER2,1181.0763894301,2.74842748893244,0.482078819113388,6.62989403101768e-06,0.000304211002046967,Upregulated
LOC284454,330.315585378405,3.25298198428602,0.411713914336796,9.66464338604497e-10,1.0382588323294e-07,Upregulated
ZNF333,38.2986962478303,2.01850161014628,0.357115162945023,0.000182154511357396,0.00554077183310946,Upregulated
HSH2D,149.056177242329,2.82772909338681,0.921878578862358,0.000484452730057145,0.0129595892372599,Upregulated
MED26,129.669664767626,2.59219867850926,0.219315218071568,1.59409289303547e-14,3.53731826231608e-12,Upregulated
ELL,165.094550384172,1.8368096267138,0.189977946909007,6.69464717619671e-07,3.80751025953776e-05,Upregulated
ZNF101,63.897338320828,1.98087551428069,0.310764799515686,7.33733647994041e-05,0.0025597470771256,Upregulated
ZNF14,50.7119663548873,3.03681722559966,0.36618686842392,7.1992803255835e-10,7.92272020220311e-08,Upregulated
ZNF430,57.7363704516533,2.14981447559316,0.297046693768312,4.2594511353404e-06,0.000206652080888773,Upregulated
NPHS1,44.2088480119498,2.2778366230832,0.633442189634049,0.00101966266832586,0.0240037458755806,Upregulated
NFKBID,137.691360499658,4.43598063075514,0.433170061984194,2.15075530545458e-17,7.46477533708544e-15,Upregulated
ZNF461,76.6038076866736,1.83663655645184,0.21994788396827,8.80702114097644e-06,0.000384554316658894,Upregulated
ZNF567,134.860646481497,2.19471634355651,0.292103923696417,1.65563029940437e-06,8.68628361734012e-05,Upregulated
NFKBIB,615.191818144703,1.64102054385973,0.233281055469868,0.000542585978371916,0.0142058874337374,Upregulated
IFNL3,223.294080798452,5.36349982520593,1.98154083017984,1.95283789906129e-05,0.000795954676769122,Upregulated
IFNL2,255.196351359902,5.37903878929812,2.09273770075725,2.30359902038193e-05,0.00090908210903469,Upregulated
IFNL1,303.447258620827,5.9201268433465,2.02023798339752,8.20277353875198e-06,0.000364398829982742,Upregulated
ZFP36,2122.96155655518,3.14781083271604,0.602024209761939,5.65459666224929e-06,0.000263026187011018,Upregulated
PLEKHG2,847.175192487024,2.55045393423175,0.249412308686614,1.98387311768572e-11,2.85677728946744e-09,Upregulated
EID2B,79.0593850048306,1.62533646988187,0.222408390336204,0.000467391771035647,0.0125849588377333,Upregulated
PRX,77.4995412890107,2.10460280505203,0.37065707015381,0.000108419693116489,0.00360582055534347,Upregulated
SERTAD3,551.436138588228,2.08317691629706,0.238897892130933,2.54102793959217e-07,1.56342519046907e-05,Upregulated
POU2F2,134.404923502837,2.95084130728856,0.334597210108369,1.65839391045079e-10,2.0979457917628e-08,Upregulated
PSG5,7.75389114213693,-2.36916770529505,0.794181671518163,0.00148708099735973,0.0331616612524899,Downregulated
LYPD3,400.007537680443,2.90681832064519,0.602316061463879,2.62279799167167e-05,0.00102017797745022,Upregulated
PINLYP,9.32741081326843,3.60602885964178,0.587175044562199,1.20093766770582e-07,8.04747142082476e-06,Upregulated
ZNF230,52.3269588288077,1.75445626630424,0.294224633953919,0.000694385492212344,0.0173526084492452,Upregulated
ZNF222,43.412367889393,1.98052214932296,0.271998735335747,1.48515844577132e-05,0.000614773844708277,Upregulated
BCL3,909.801679350136,2.75610492823475,0.334874165034766,5.04320684829576e-09,4.58153341600882e-07,Upregulated
RELB,358.801807609414,1.9249395842986,0.336938165330728,0.000292879869502584,0.00838144167777375,Upregulated
FOSB,408.723044542327,3.42610846261653,1.21002360295882,0.000212065215440448,0.00632271972731696,Upregulated
HIF3A,15.6969912256848,-14.3515093394835,1.89896283026372,2.44357096038525e-13,4.53098308490065e-11,Downregulated
ZC3H4,457.035736321874,2.08953725729149,0.146500049471905,4.86719525582997e-15,1.13590267211922e-12,Upregulated
BBC3,472.228718553699,2.25062754844521,0.507664250690627,0.000385356384263228,0.0106235927034359,Upregulated
DBP,57.57009525376,3.56041218363526,0.416168972966513,1.28725928288226e-11,1.91476281902135e-09,Upregulated
PLEKHA4,182.309104146665,3.38819497045678,0.947795934237326,8.45610507991445e-05,0.00289776805979043,Upregulated
PPP1R15A,4125.94801988274,4.52287862913572,0.433175946007799,4.10291910496205e-18,1.63344450014019e-15,Upregulated
ADM5,49.3087826437042,2.63180469080593,0.509330411580501,3.05540825022684e-05,0.00116501425563579,Upregulated
ZNF473,210.57583560884,1.60385997958886,0.195002271951225,0.000201311782326042,0.0060420316753111,Upregulated
ZNF350,57.9576336293218,2.15393171025305,0.26502146148145,5.42488484917378e-07,3.13808723582975e-05,Upregulated
ZNF615,54.0805432183963,2.34268454753449,0.297206554697772,2.25764686609225e-07,1.40181229263416e-05,Upregulated
ZNF614,104.433923305878,2.00447636247318,0.336396003728299,0.00012301472120115,0.00400102000929542,Upregulated
ZNF432,118.044973750601,2.75215604691678,0.379398961049934,1.12762672959867e-07,7.63177770592383e-06,Upregulated
ZNF28,68.4131710281571,2.25139857773633,0.728997350958755,0.00183767585357767,0.039483778339726,Upregulated
ZNF160,252.351487550855,1.85417143158169,0.337099991109422,0.000609126157149109,0.015556852194661,Upregulated
ZNF845,122.802121128157,2.11818533045456,0.312090594312647,1.34525987759372e-05,0.000560290390864879,Upregulated
IL11,167.118093500497,1.84931016230243,0.411643687158889,0.00197021618577206,0.0418006995150636,Upregulated
ZNF805,68.8952806395091,2.33075357838659,0.255871049488912,7.6661770830076e-09,6.73827097373967e-07,Upregulated
ZNF543,47.3646669090632,2.18753498032875,0.36701662386183,4.26739370161977e-05,0.00157393572602521,Upregulated
ZNF547,18.8236500726858,3.01026984793378,0.496490604959443,1.07218496558548e-06,5.92371252823063e-05,Upregulated
ZNF773,41.9282334491017,1.79462360667822,0.309315004931367,0.000626571265756591,0.0159722573508121,Upregulated
ZNF211,168.476696395897,3.01409388085129,0.255117693407201,9.45572665931151e-17,3.04744562048668e-14,Upregulated
ZNF776,158.184834256659,1.88750459591771,0.287660179408371,0.000109013955172134,0.00361625803750063,Upregulated
ZNF256,23.6991280567394,2.67141978454947,0.520021388617672,2.84768932325206e-05,0.0010950659852142,Upregulated
CMPK2,408.082990277173,5.4035741749407,0.918783260655917,5.95931840035667e-09,5.34207509054489e-07,Upregulated
RSAD2,1664.13442633248,5.9434453802332,1.08711747882476,9.60429420648246e-09,8.23531386434807e-07,Upregulated
GRHL1,188.680148831807,4.70828357754994,0.361130607724083,9.74095510757423e-27,1.19866880305568e-23,Upregulated
KLF11,205.002504012423,2.50118161130374,0.313434565908533,5.76334594411747e-08,4.19422853223516e-06,Upregulated
ODC1,1893.6458597501,1.98053862476786,0.322269615068915,0.00010662397065744,0.00356547778059293,Upregulated
DNAJC27,70.1376124192528,1.91544646321899,0.270186366705958,3.66728878500578e-05,0.00137890058316217,Upregulated
CENPA,143.421512461428,2.42465346867861,0.285534833591872,2.20956306102346e-08,1.72882344474067e-06,Upregulated
BRE-AS1,34.8947585464997,4.11106911308141,0.464855709599038,2.43119291069637e-13,4.53098308490065e-11,Upregulated
THUMPD2,185.021760119881,1.94076950520159,0.17735977836331,6.0974202265106e-09,5.42991317013471e-07,Upregulated
SOCS5,424.525530410101,1.71551913868235,0.26447772682741,0.00050995127831861,0.0135347068692563,Upregulated
FOXN2,333.14822641529,2.33951725382403,0.301619975154845,3.21127233719531e-07,1.93690039683017e-05,Upregulated
STON1,11.7190609144996,2.84388653233921,0.751076358193927,0.000184632030968946,0.00560354074259116,Upregulated
CCDC85A,39.4022529434226,2.13709668774041,0.523209403792755,0.000913239078903435,0.021990941609742,Upregulated
REL,93.460154736491,3.24325027634351,0.339952980403764,1.00033223433739e-12,1.67166631160381e-10,Upregulated
SERTAD2,666.534422994881,3.48649763560894,0.299953844512077,2.22874623514753e-18,9.14191182998695e-16,Upregulated
MEIS1,71.6569724253541,1.87241074982557,0.341815962534295,0.000558655907823299,0.0145143308412594,Upregulated
FBXO48,21.2732108720679,2.39945791892783,0.45729059925275,6.01030004685551e-05,0.00216370801686798,Upregulated
MXD1,998.912803186229,2.35120051770976,0.46586255308897,0.000102658583327667,0.00344810566730348,Upregulated
TET3,442.37444945473,2.66306910522252,0.246850107546332,6.2843590478283e-13,1.07677321609372e-10,Upregulated
KDM3A,1214.82221837094,1.92929771331787,0.362614650841736,0.000487535657523998,0.013016336607978,Upregulated
MAL,52.7587101681449,-16.8917270983476,1.3503076363867,7.07876498495609e-33,1.36883089766237e-29,Downregulated
NEURL3,119.476689758135,3.29671761136865,0.639455573137676,4.5128544678426e-06,0.000216617014456445,Upregulated
MITD1,259.74205413336,1.65515053622921,0.191332107676186,5.67117238496534e-05,0.00205253982360671,Upregulated
IL1RL2,10.5049429074312,3.61352091282777,1.02491946262584,6.18849493187213e-05,0.00221607056607992,Upregulated
C2orf49,162.857769743769,1.5482498275051,0.180498722578016,0.000284215413494456,0.00818540390864034,Upregulated
IL1A,1390.76882349649,5.2472305936545,0.705867657741406,9.88209927382869e-12,1.5200465428471e-09,Upregulated
CBWD2,164.077356633273,1.46982862526206,0.195565164885352,0.00227397867783042,0.0473547313586348,Upregulated
CYP27C1,45.2925755971045,1.87555415439772,0.426827520877073,0.00191631808695277,0.0407850340015609,Upregulated
CCNT2,547.803884142446,2.12832677501543,0.219108491892858,1.13065451740862e-08,9.56533721727691e-07,Upregulated
CXCR4,439.047908415635,3.65985897875927,0.763306745397996,4.61923410652462e-06,0.000220939762777093,Upregulated
ZEB2,159.590747204086,2.43528731957533,0.57312960737855,0.000272893469665835,0.00792942568403435,Upregulated
TANK,675.336176504597,2.110844169362,0.253611975720159,5.02318042150916e-07,2.93076595627362e-05,Upregulated
IFIH1,1067.31997001454,3.79286910431426,0.672380339105914,3.44965816881468e-07,2.06613154748122e-05,Upregulated
RAPGEF4,40.4433419658366,3.09783433818444,0.437479314909432,3.71106768672154e-08,2.7907229004146e-06,Upregulated
NFE2L2,1574.49592248969,1.78695820561929,0.26306911889007,0.000180996582345595,0.00551794986177924,Upregulated
FRZB,13.3047616514925,2.44959609089825,0.853737520967496,0.00135459413818177,0.0306618499237934,Upregulated
ANKAR,21.1639327202109,2.03754008797899,0.363423531637877,0.000175382980369899,0.00535888041148295,Upregulated
C2orf66,10.5225368584326,2.17450138263407,0.628534597241402,0.00160931664160849,0.0353631656831373,Upregulated
TYW5,170.574840256985,1.76464451893232,0.185940671643063,2.85715698529702e-06,0.000144783471589604,Upregulated
CLK1,1382.79080277304,3.58943388524869,0.315900444114798,4.32478583167711e-18,1.67258002907375e-15,Upregulated
FAM126B,221.626322701779,1.9698582440437,0.274680604823879,1.99256644666222e-05,0.000807526330000593,Upregulated
INO80D,223.037465679256,2.26118875751723,0.276530044147867,1.93942097564315e-07,1.23248837212703e-05,Upregulated
KLF7,918.364610189393,1.8881502657533,0.34950764183376,0.000558589166933213,0.0145143308412594,Upregulated
USP37,222.773915007105,2.98742737276944,0.365576509204978,1.5105684323321e-09,1.5490192651551e-07,Upregulated
CYP27A1,46.5057633472406,3.05369595518609,0.366858733301519,5.79490483960842e-10,6.59158251335627e-08,Upregulated
SCG2,11.8081167551721,2.30815673727744,0.430133735161548,7.01962442429993e-05,0.00246159679293585,Upregulated
CCL20,830.036919698956,3.45131603110675,0.95944990557439,7.29913899149961e-05,0.00255300117284079,Upregulated
SLC16A14,38.3222454795878,3.29241515274159,0.572036219985899,9.73869793301906e-07,5.46983465648739e-05,Upregulated
SP110,544.768243485247,2.13925323210683,0.521877027668093,0.000890423128783137,0.0215227990557295,Upregulated
PER2,194.646489673415,2.04092380366123,0.429919385212754,0.000586293661077194,0.0151451736571391,Upregulated
ZCCHC3,493.394351350589,1.47667937832052,0.137169836057833,7.62836193538173e-05,0.00264802677658295,Upregulated
SNAP25,150.761319368426,1.90922305453992,0.474269086506608,0.00237818472398478,0.0490718116217347,Upregulated
ESF1,476.713783370418,1.94905650827845,0.25896032899228,1.2405808679915e-05,0.000523130923025947,Upregulated
LOC100270804,26.7953407884655,3.03777517167065,0.447219976979556,1.19640584121434e-07,8.04747142082476e-06,Upregulated
GZF1,281.464032573766,1.82581885711169,0.204090522657709,3.32034635291756e-06,0.000164029957055081,Upregulated
AHCY,2456.68295437728,-1.50977981004754,0.173279392973489,0.000429127711322906,0.0116874702222673,Downregulated
RBM39,2320.58246714342,1.96643610475076,0.177735333506762,2.8141768356649e-09,2.72090697482572e-07,Upregulated
TGIF2,165.230931684465,1.58713276941008,0.218147587667995,0.000738198937003435,0.0183008439767005,Upregulated
ARHGAP40,41.4567839901556,5.83687356400628,0.782413594280258,1.91248675034226e-12,3.1189663436907e-10,Upregulated
WFDC2,138.987622141121,2.48770001788855,0.87849464285217,0.00128113128493071,0.0291942644323605,Upregulated
SLC13A3,14.9709375048827,2.30841380298217,0.592720165657203,0.00065186826767356,0.0164928763948211,Upregulated
SLC9A8,312.990138035976,1.5419586132626,0.220350391741504,0.00159182670374525,0.0350357174990175,Upregulated
PPP4R1L,61.3223418675176,2.33137881086651,0.25659906618556,8.18107540193143e-09,7.09865619490666e-07,Upregulated
SLC17A9,24.1759828106857,3.84636710731651,0.769942580198597,1.8986695261001e-06,9.84689299053295e-05,Upregulated
HELZ2,1307.93072280048,2.86940306202156,0.506403928831339,4.73064615734197e-06,0.000224680794336073,Upregulated
SCAF4,364.848375995008,1.53906186596007,0.153687327186822,5.69613648158182e-05,0.00205607742439177,Upregulated
PAXBP1,280.466069978399,1.43997740616477,0.181633965466237,0.00235418713582268,0.0487409615389319,Upregulated
SIM2,136.207543577427,1.86623256675916,0.270657237696126,7.7251597573534e-05,0.0026675449611106,Upregulated
ETS2,1480.92270010461,1.65107793630061,0.268615199295804,0.00130266066217483,0.0295852596026821,Upregulated
MX2,941.309167321169,4.99604103569093,1.03253225203576,4.01740231822245e-07,2.36432859910692e-05,Upregulated
MX1,2597.74714401416,4.33203481299988,0.844728498118658,5.20983706844622e-07,3.02662465916258e-05,Upregulated
ZBTB21,411.57435866195,3.10940398369496,0.307783524410484,2.02776035749179e-13,3.86588228155054e-11,Upregulated
PDE9A,61.6024155358605,2.01584828529071,0.450760296169755,0.000926145079097942,0.0221881412224243,Upregulated
USP18,292.869723987924,2.10393214800348,0.55734320274226,0.00145878601032766,0.0326382271666036,Upregulated
CRKL,832.755575279755,1.66832641848661,0.18613308798103,2.961629461933e-05,0.00113244679086794,Upregulated
ZNF280B,43.7620243389663,2.78966734842918,0.308116408199241,2.12270202405027e-10,2.63604537592151e-08,Upregulated
MAFF,555.081216057934,4.46730098441274,0.364290152948486,1.83390389991508e-23,1.55148269932816e-20,Upregulated
ATF4,3151.89779819834,1.55637227513951,0.2116300012187,0.000960386147346717,0.0228467256423289,Upregulated
EGOT,12.8270446041238,2.47272332352508,0.988582074596067,0.0017115106996076,0.0371923201585465,Upregulated
BHLHE40,4008.59415766568,2.43970517953193,0.321643391870552,2.59188395170212e-07,1.58749960046335e-05,Upregulated
IRAK2,670.447707674077,1.99003039567841,0.377192747320558,0.000369433841036603,0.0102472468694087,Upregulated
CCDC174,228.16882662898,1.87713634108656,0.216547672287439,2.95343528349154e-06,0.000148615985120229,Upregulated
EAF1,451.071277800805,1.51172842954004,0.198884911252896,0.00127367184962969,0.0290732245473651,Upregulated
EPM2AIP1,636.164195808944,2.22635427738041,0.201055756236634,4.5106821882809e-11,6.16733273743134e-09,Upregulated
C3orf35,13.2452167173354,3.06561367862406,0.662322852523314,2.56796276870473e-05,0.00100462266003431,Upregulated
TTC21A,27.3408719194499,2.65101801405691,0.423621186677717,2.61013184517854e-06,0.000132822348332093,Upregulated
CSRNP1,834.782404429004,3.76869212056416,0.37566441860212,2.47773271541206e-15,6.09792546105776e-13,Upregulated
ZNF501,9.22344748251021,2.40263179640517,0.847455243163563,0.00155960361262016,0.0344384902127674,Upregulated
UBA7,81.6698492199906,3.41340102993631,1.01440173620907,0.000110421214558879,0.00363664613204132,Upregulated
DCP1A,321.642037236732,1.88142909580111,0.248634093884133,2.19624965419265e-05,0.000874365744680932,Upregulated
PSMD6-AS2,15.4352751017187,2.32626686495815,0.481304359433485,0.000160360261952711,0.00501596607991225,Upregulated
FRMD4B,249.728768774785,1.68041585539238,0.273365140684231,0.00101733402108875,0.0240037458755806,Upregulated
FOXP1,257.684796065387,1.77850680381897,0.301719209818646,0.000629217358304052,0.0159795237561044,Upregulated
RYBP,493.189892270413,1.80773824952801,0.285464653449277,0.000286368300940949,0.00822989664869785,Upregulated
PPP4R2,502.819242410418,2.06192439675079,0.312020524392356,2.77820902497386e-05,0.00107445249605846,Upregulated
EBLN2,10.9373154376934,2.0695115969237,0.502920390319039,0.00113315192469859,0.0262642884464385,Upregulated
ZNF654,350.978158664612,2.42811644862813,0.269810957987653,4.51513616600246e-09,4.1576110981639e-07,Upregulated
C3orf38,305.42085574801,2.13951145241092,0.269083860575134,9.33517298095475e-07,5.26503756125848e-05,Upregulated
FILIP1L,119.71595602203,2.86306262318628,0.374698326754483,1.89803027554213e-08,1.51127869469049e-06,Upregulated
SENP7,109.999353159466,1.99683933856881,0.287862933170239,2.45558751480208e-05,0.000966245133731424,Upregulated
TRMT10C,365.800046607419,1.57263454986487,0.186392055756573,0.000237351611036106,0.00700614870234813,Upregulated
NFKBIZ,1024.75625585217,4.16552240817501,0.39134789779128,6.78206419937195e-18,2.48113570277564e-15,Upregulated
ZBTB20,20.2704651214455,2.07641207569785,0.512535601334159,0.00118733847863698,0.0273330164061738,Upregulated
HCLS1,141.114201829959,2.8402756016207,0.539602359658386,1.28736044096705e-05,0.000541171146861179,Upregulated
MSL2,194.592332174322,1.60148574717366,0.206353764293477,0.000362989214254165,0.0101099218192271,Upregulated
IL20RB,541.866347587411,2.73286968597038,0.369824998082548,8.3360993354635e-08,5.87695003150177e-06,Upregulated
CHST2,44.8930903044198,2.5070514412539,0.333847814659368,2.10226353795542e-07,1.31741848378539e-05,Upregulated
LOC646903,15.2219785409047,2.12663013363076,0.306561752117201,9.40457078174188e-06,0.000405414872935217,Upregulated
RAP2B,666.649219891655,1.44060292299848,0.133064503687047,0.000152097359272157,0.00481025667081289,Upregulated
TIPARP,1887.07055679668,3.85460510465405,0.425788361354086,2.68318431686923e-13,4.90805174501917e-11,Upregulated
CCNL1,1528.30936334573,3.61006180518548,0.28676014845943,1.54600723229573e-21,9.96512090302618e-19,Upregulated
PTX3,135.000214959207,3.15779183178067,0.873318405961729,0.000122418659094233,0.00399951479843574,Upregulated
SHOX2,55.9189768473633,1.83140485182038,0.402371962839519,0.00203212542741831,0.0429124021615198,Upregulated
ARL14,137.266586562095,2.08675870973055,0.491273323196808,0.000906617764646475,0.0218751837116839,Upregulated
MYNN,250.959025398792,2.05858558596959,0.190990130999946,1.39349879180083e-09,1.45095381890893e-07,Upregulated
SKIL,614.679262306832,2.33075530026155,0.249687480267355,3.8392480676507e-09,3.63413019886153e-07,Upregulated
RPL22L1,799.766559261414,1.77982311744356,0.318143927334462,0.00089004632468606,0.0215227990557295,Upregulated
TNFSF10,1248.2822429339,2.50966842903701,0.837199148962637,0.00104480472565367,0.0245529110528613,Upregulated
ZNF639,186.219596956739,2.07777069374066,0.201217896657922,3.87808203478493e-09,3.64286327946347e-07,Upregulated
B3GNT5,592.69572591289,2.48680659832349,0.325865456105153,1.70041100623592e-07,1.10542456073911e-05,Upregulated
SNORA63,16.2142863245871,2.37714316455931,0.494965745958371,0.000140110792396397,0.00450484485956682,Upregulated
FGF12,17.610175115746,2.13973157254908,0.434266874948872,0.000293910615001042,0.00839319427142216,Upregulated
MB21D2,147.829655717635,2.00225516352227,0.263231366219059,6.54869619138326e-06,0.000301507318525727,Upregulated
HES1,446.678746845185,2.21994070235374,0.693342211066854,0.00180751582201838,0.0389594493102561,Upregulated
ZNF721,156.53250157952,1.64535545273811,0.234576908144902,0.000531329716395531,0.0140196472536645,Upregulated
ZBTB49,44.9984115298715,1.99889413790283,0.197418134884743,2.07312538986961e-08,1.64104241387573e-06,Upregulated
ZNF518B,169.692035588581,1.61471267472534,0.251914047649597,0.00137269800451908,0.0309680669819504,Upregulated
PROM1,57.8828878150117,3.68815306118189,0.662527781892909,5.56894383173151e-07,3.20771164707735e-05,Upregulated
RBPJ,480.684099691114,2.87698110314392,0.252663343200384,3.92457373370725e-15,9.31982983499323e-13,Upregulated
DCAF4L1,15.587648607646,4.16566064381014,0.425534714864037,1.11879909295487e-15,3.02881290444742e-13,Upregulated
CHIC2,138.025652110187,2.3824886893555,0.245501833049728,7.00689770949145e-10,7.77421044226855e-08,Upregulated
YTHDC1,826.766826675264,1.63277577991024,0.204395998620493,0.000187027205282335,0.00566353523646911,Upregulated
UTP3,506.89415324145,1.36294580481262,0.129522143185654,0.00100116585925191,0.023710327527232,Upregulated
CXCL1,2084.1448113705,2.79959535251881,0.625374408937793,6.73912362911784e-05,0.00237554107926404,Upregulated
CXCL3,769.396869774915,4.52562360353354,0.625194834015446,1.40282602576228e-10,1.80844315092554e-08,Upregulated
CXCL2,1741.9751367687,5.63646918111995,0.633703184967381,1.17081210923363e-15,3.10747308050714e-13,Upregulated
EREG,1099.62456474237,3.07202450128854,0.453181410462472,1.08071704263e-07,7.38817469143421e-06,Upregulated
CXCL11,758.228999490736,3.76939694654287,1.48001801515505,0.00016640860006515,0.00514270961297229,Upregulated
CCNG2,476.27195815011,2.18186184980481,0.31579470653863,6.84705539496271e-06,0.000308939139420718,Upregulated
THAP9-AS1,252.658103482505,2.0507689422852,0.27865442706967,7.09367651293596e-06,0.000317947037348017,Upregulated
PPM1K,137.11832101706,2.30315445599842,0.505275987320587,0.000266686706465541,0.00777989495413269,Upregulated
LAMTOR3,376.67911636534,2.1655397095085,0.213508322095762,2.0448811850971e-09,2.05033420159069e-07,Upregulated
NFKB1,820.95948967652,3.20188712394065,0.268557043948862,6.54384964847952e-18,2.4604874678283e-15,Upregulated
TET2,254.428511899779,1.94376768094994,0.321877591506174,0.000160937554027134,0.005019471731132,Upregulated
SPRY1,116.06647319981,1.93889598006382,0.306528383681902,0.000106943260854073,0.00356547778059293,Upregulated
RAB33B,77.3495916953363,1.82285725569737,0.328369184116346,0.000700802712074609,0.0174376204239741,Upregulated
ANAPC10,82.2283848268097,1.72092051761629,0.239419125928335,0.000197609633278815,0.00594409776902677,Upregulated
LSM6,102.848609037458,1.56351523513955,0.211571952554954,0.000853534151634923,0.0208922934476136,Upregulated
FBXW7,422.513379540781,2.20390598312221,0.168560293175561,4.05793859369766e-14,8.45050104681408e-12,Upregulated
DDX60,557.586733967907,2.68418581195752,0.57260142528258,6.38098556543743e-05,0.00227297422667792,Upregulated
CDKN2AIP,202.256961485073,1.80278565830001,0.263481561652938,0.00014635577501495,0.0046613453425938,Upregulated
SLC12A7,701.112249886655,2.19117941916804,0.232571111140199,1.25080048351554e-08,1.03870155489978e-06,Upregulated
PDZD2,85.3154009619813,3.65538028531684,0.807802854005784,8.68775683364167e-06,0.000381809988636927,Upregulated
SLC1A3,41.0684016982631,4.35007657221724,1.08473129842578,8.21081879024353e-06,0.000364398829982742,Upregulated
EGFLAM,9.75482252783512,13.1492217475741,1.24153210804005,2.01761786938302e-23,1.60649855764521e-20,Upregulated
C5orf51,409.566434531962,2.94858605207797,0.310941682866934,1.15465548405605e-11,1.7366018480203e-09,Upregulated
LOC648987,84.8932541346302,1.80874331032766,0.301157819774707,0.000437500678530989,0.0118903300427246,Upregulated
MIER3,280.151630956947,1.80078876254902,0.258137175014882,0.000122621058019417,0.00399951479843574,Upregulated
GPBP1,1018.63743175889,2.08951679884323,0.237671776872522,1.99398579011994e-07,1.2612426007039e-05,Upregulated
SREK1IP1,337.530906181496,1.86217742621024,0.228043292109772,9.18358839917287e-06,0.000397153522591706,Upregulated
UTP15,240.299366621111,1.71579258417408,0.20026699422734,2.80268764294683e-05,0.00108083133717744,Upregulated
JMY,154.625890666302,1.69729155937343,0.319687952349498,0.00212157517690789,0.0445234753405042,Upregulated
CMYA5,10.5822766929512,2.60475536709845,0.638908791386639,0.00021690170801452,0.00645270663666933,Upregulated
ARRDC3,2299.83903194559,4.15510279503271,0.488152028247733,1.09422365035872e-12,1.80626967454337e-10,Upregulated
LOC100289230,23.8001933416492,2.1133766383957,0.289195609795684,4.81271407193131e-06,0.000227779362509308,Upregulated
FEM1C,440.285584213632,1.90941146215653,0.371543550366028,0.000688940535041271,0.0172694427450345,Upregulated
TNFAIP8,534.484535807417,2.33292014368359,0.359334535755068,6.80638592034578e-06,0.000308283230458896,Upregulated
SRFBP1,192.078842483314,2.25956219186402,0.261262590560283,5.55355422197302e-08,4.06340053776361e-06,Upregulated
FNIP1,324.914105145054,1.6778711903274,0.283373272373851,0.00132146253166619,0.0299620047380796,Upregulated
CSF2,71.2081951093706,5.13797235951638,0.959880583613723,6.42739858642514e-08,4.6277269822261e-06,Upregulated
C5orf56,52.9611474446246,2.15898650114155,0.592041129008975,0.00139209587470589,0.0313013451163106,Upregulated
IRF1,1036.06971280602,2.69360242147506,0.427530951620965,1.96805842365405e-06,0.000101678010773211,Upregulated
ZCCHC10,172.74071798818,1.7424113852932,0.184397051448387,4.33649308435215e-06,0.000209638465677824,Upregulated
CDKL3,28.2193022565526,2.15573124681841,0.36001944293981,4.8224439873358e-05,0.00176901359925684,Upregulated
UBE2B,535.943728365342,1.53091282474538,0.229963265186987,0.00242391530958813,0.0498634006543844,Upregulated
SAR1B,479.478171365826,1.55705570180506,0.199322095516552,0.000591322069295186,0.0152169876995811,Upregulated
SEC24A,545.814672335574,1.82958868448976,0.343261334361049,0.000875046059145886,0.0213032795981991,Upregulated
KLHL3,41.3897295763769,2.36485395629576,0.399674654684814,1.9346009291345e-05,0.000791140730415849,Upregulated
EGR1,1152.76148582914,7.17604498103685,1.08016840773113,3.93725422101323e-12,6.12582449834886e-10,Upregulated
ZNF300P1,8.68445490789035,3.75579616320538,0.794024331653775,4.43974419856214e-06,0.000213866111999065,Upregulated
GPX3,1447.3508832274,-1.67585176326139,0.30078821968768,0.00191153043231053,0.0407472061917406,Downregulated
HAVCR2,11.8539816499463,2.46792538488207,0.669796099000041,0.000537164941345064,0.0141460401674062,Upregulated
CREBRF,287.335892996758,3.57913633133093,0.324428432109807,3.2971159844205e-17,1.1157440491279e-14,Upregulated
DRD1,77.3788376111489,2.82703123527523,0.672998891461823,0.00010066738206748,0.00339808898669679,Upregulated
N4BP3,60.0776594200138,3.18908068014436,0.424398820911552,5.5489485982556e-09,5.00737121506585e-07,Upregulated
CLK4,186.380231466151,2.00103082511527,0.26151781079918,6.0501322208146e-06,0.000280460923770364,Upregulated
IRF4,6.8645157095764,2.38024447463723,0.826242047648291,0.00158357839171543,0.0349109399189903,Upregulated
HIVEP1,317.296300362431,2.59091446754019,0.284369887836655,8.05531252032195e-10,8.72293682200624e-08,Upregulated
CD83,263.177879078953,2.28755705054154,0.570206901153394,0.000599700604175632,0.0153741427615935,Upregulated
GMPR,50.7421445663107,2.90792776032189,1.07925094299652,0.000604136625754726,0.015458588593981,Upregulated
HIST1H4E,22.0104396405115,2.70000795510025,0.46819226355036,6.8041135179062e-06,0.000308283230458896,Upregulated
HIST1H2BG,10.7121003618963,5.12942297409111,0.968777842114756,7.9013964829951e-08,5.59964936093307e-06,Upregulated
BTN2A1,405.884772615565,1.54416524170606,0.201989764103602,0.000824689284343159,0.0202228154943279,Upregulated
ZNF184,79.2835915212885,2.67507033141755,0.290904749779043,3.03441183813857e-10,3.66730345009319e-08,Upregulated
HIST1H2AI,14.9528237438311,2.50769062271209,0.45121053537688,2.18986020131494e-05,0.000874365744680932,Upregulated
HIST1H2AK,30.2737346384461,4.36851558467644,0.449956842300133,7.13333087483096e-16,2.01159930670233e-13,Upregulated
ZNF165,55.6876981919177,2.06146283021385,0.328751840046974,5.10633958806453e-05,0.001858048727528,Upregulated
ZSCAN12P1,24.8899972221504,3.28770226428354,0.470186048585175,2.20637939897832e-08,1.72882344474067e-06,Upregulated
ZSCAN12,78.5913821376058,1.95982351435865,0.29303057745306,5.06052666575195e-05,0.00184634202015144,Upregulated
ZNRD1,137.878071979437,1.98796193926451,0.296892477235469,4.03597621935134e-05,0.0014926495657142,Upregulated
HLA-L,20.069940351061,2.0169583320175,0.474248868225305,0.00119207291504821,0.0273954142242658,Upregulated
PPP1R10,1165.1528851046,2.2818392852924,0.170466935441254,2.40189036696785e-15,6.02073851986607e-13,Upregulated
IER3,3874.15285665061,3.97071256154447,0.409500694140606,4.98939798497492e-15,1.14468629024781e-12,Upregulated
HCG27,8.68454333949156,2.19466133287511,0.629907312876912,0.00147594811039924,0.0329677122481256,Upregulated
TNF,196.316825869002,4.60811714907284,0.84317937441236,1.12064889869749e-07,7.62266507174331e-06,Upregulated
LTB,48.2455251908751,3.89445854310272,0.726957019447022,6.32170157419479e-07,3.61057183579328e-05,Upregulated
LST1,198.422002832344,2.75562172894337,1.16943604962262,0.00105191694719747,0.0246772058878076,Upregulated
SRSF3,2619.60883674901,1.47212799934459,0.197841827161106,0.00235494893960265,0.0487409615389319,Upregulated
PIM1,538.062413895976,2.52947694005469,0.270320430436833,5.7402626807062e-10,6.58476234288467e-08,Upregulated
TBC1D22B,205.024491602129,1.74842093242039,0.224090158728675,6.11043193120726e-05,0.00219392060002179,Upregulated
DAAM2,10.0926203929401,-14.0745568258848,1.44220219358476,1.98506241898237e-20,1.07479219613381e-17,Downregulated
GUCA1B,16.0635084943056,2.65348966493323,0.458451712600563,7.71626619382743e-06,0.000344710822441083,Upregulated
NFKBIE,300.384897692642,3.54914860959663,0.374046258432413,1.65914361245191e-13,3.25480694755783e-11,Upregulated
KIAA1586,73.2481794018249,1.70006579233334,0.245928921386024,0.0003477334530609,0.00972504136494286,Upregulated
PTP4A1,2975.39678257611,1.60816841057448,0.237832422346266,0.00101922497246074,0.0240037458755806,Upregulated
LINC00472,51.4448873937294,2.20583169607874,0.295718915042359,1.728081372677e-06,8.9966574848292e-05,Upregulated
SNORD50B,11.252396241777,2.86022515060021,0.567991171827907,1.95813318088148e-05,0.000795954676769122,Upregulated
ZNF292,496.578148563986,2.92910169287087,0.316546489983474,3.4461675639128e-11,4.7599310352167e-09,Upregulated
PRDM1,160.497407817942,1.88113602139416,0.417074332167159,0.00165243887441766,0.0362518842854416,Upregulated
FOXO3,313.847945472454,1.52410580671733,0.222922110559746,0.00222041475672998,0.0463105302728768,Upregulated
MARCKS,2357.47976112186,2.13744179115764,0.396472596289906,0.00014594849815425,0.00465933695994324,Upregulated
KPNA5,37.1302496299634,1.69563154838529,0.291950749559131,0.00129568690989686,0.0294763327938889,Upregulated
CEP85L,105.592012593466,2.46870657789468,0.287345602527689,1.16148460901983e-08,9.76512774390837e-07,Upregulated
HSF2,119.405061228345,1.97177293531787,0.206109063975569,1.22649416891045e-07,8.1541353283179e-06,Upregulated
LOC100130476,17.3676683238162,3.59907399251209,0.86767553755719,2.1231758713936e-05,0.000855336565332852,Upregulated
TNFAIP3,2893.42145059257,4.95594928144942,0.457510429515555,4.581440598642e-20,2.21479928368636e-17,Upregulated
HECA,153.836879581952,2.05012480895074,0.32097695537377,4.47941381794909e-05,0.00164764525651519,Upregulated
HIVEP2,436.353858507755,2.48002433306803,0.307039155215149,5.00789414410059e-08,3.70419973412817e-06,Upregulated
PPIL4,272.746189501347,1.60758177211642,0.225601980253994,0.000695186959226106,0.0173526084492452,Upregulated
ZBTB2,239.475859455754,1.67005578805396,0.243886987993243,0.00050437933650716,0.0134131212160332,Upregulated
TIAM2,32.798441609295,1.99212169171023,0.437656540229484,0.000934945091336788,0.0223593935624289,Upregulated
WTAP,960.386614063713,2.39844737328171,0.254102760493673,1.43731894109e-09,1.48515642645757e-07,Upregulated
DLL1,41.213492675659,2.97089498637333,0.637555831767112,3.06783863144647e-05,0.00116646808188931,Upregulated
RBAK,327.361664205452,2.14526809688744,0.279562671162672,1.68414979853427e-06,8.8017960127258e-05,Upregulated
USP42,182.764400864273,1.72416718161704,0.169150698514296,1.49794544069767e-06,7.98275176585968e-05,Upregulated
ZNF12,454.094757147005,2.81960415238419,0.300356766796273,4.66093887854145e-11,6.30904686599371e-09,Upregulated
PMS2CL,50.6745483132819,1.72429840918377,0.278726124748378,0.000677095218906638,0.0170040090595923,Upregulated
HDAC9,203.336633599396,1.9469394357305,0.428334635500161,0.00115986214936464,0.0267916280781566,Upregulated
TWIST1,28.8622270779049,2.00380764827655,0.522979744481454,0.00197351951564565,0.0418052584722684,Upregulated
MACC1,339.395831325193,11.9916748380843,1.13562908737142,3.4021843662456e-23,2.55844264341669e-20,Upregulated
FAM221A,19.2990953894383,2.33420430663789,0.593641547304214,0.000574412191536806,0.0148666222268494,Upregulated
HOTAIRM1,109.843782440107,1.69896185996925,0.216597104419696,0.000101777463255781,0.00342701428514988,Upregulated
CREB5,162.768529393987,3.70978556212504,0.529827361703542,4.23327928198976e-09,3.92477180554886e-07,Upregulated
KIAA0895,154.19159910707,1.67923583068859,0.303583959221513,0.00193976560617299,0.0412192578416917,Upregulated
GLI3,35.2040891951824,2.45351367483907,0.797276361919374,0.00110490380108613,0.0257861687094859,Upregulated
PURB,586.403273773412,1.66726076625169,0.200232595662786,7.63309279782764e-05,0.00264802677658295,Upregulated
NACAD,9.70149898593389,3.76306113500339,0.963443200987355,2.52291208769637e-05,0.000989859073016176,Upregulated
SEPT7P2,65.2431759705503,1.90051814267611,0.292017104357283,0.000106943023579233,0.00356547778059293,Upregulated
ZNF92,139.216266186493,1.84028119938423,0.365339861930261,0.00115142400701293,0.02664218010073,Upregulated
LAT2,32.6879209688456,1.9858838182212,0.361225010090288,0.000276149804672074,0.0080042050450561,Upregulated
POM121C,330.775552263301,1.50972597271522,0.21675424495722,0.00231022913551018,0.0480357320710687,Upregulated
DMTF1,429.712687656716,1.6456248296421,0.230764195707416,0.000462198880262086,0.0124876727409732,Upregulated
RBM48,135.143842079223,2.28640935909586,0.189465969685587,4.79649697082557e-13,8.54281355224934e-11,Upregulated
SAMD9,1705.16663588846,2.53380642502993,0.658832313917312,0.000364496563107677,0.0101310584768491,Upregulated
SAMD9L,824.871707580834,2.68058108703923,0.708535181544534,0.0002729840697961,0.00792942568403435,Upregulated
TRIM4,308.443405409831,1.62055718926768,0.196842066157343,0.000159931254615851,0.00501596607991225,Upregulated
AZGP1,24.603358292562,-19.6482227987384,1.22187972375515,1.06969624191716e-53,7.23970416529534e-50,Downregulated
ACHE,60.3970775102404,1.96266959484048,0.421041678589976,0.000939776879854349,0.0224353083698562,Upregulated
VGF,9.48144362171729,2.18291447169983,0.622283949485242,0.00149298806420941,0.0331693454004976,Upregulated
HBP1,468.406471262897,2.22624085356531,0.323145444705281,5.35923188854311e-06,0.00025014676842524,Upregulated
ING3,76.1154878920714,1.91221618518099,0.217211996025367,1.46080210851181e-06,7.84659418286342e-05,Upregulated
AGBL3,22.9872109496235,1.89340384471197,0.409259366470716,0.00137146040330124,0.0309680669819504,Upregulated
CNOT4,295.178847627454,1.86339456975612,0.213943374069446,3.22733485217355e-06,0.000160019064318759,Upregulated
GIMAP8,32.2536774898595,3.65555573020264,1.10581159754746,8.04055461360848e-05,0.00276938797073294,Upregulated
ZNF596,33.1081463665827,2.49570272865183,0.288902398683586,8.14723605267655e-09,7.09865619490666e-07,Upregulated
ANGPT2,27.6516725754665,3.87804571143948,1.32788244434237,9.53647276084716e-05,0.00323523045841672,Upregulated
EGR3,31.8019451775653,3.17868412057441,1.15855162609228,0.000352487591506292,0.0098376743064519,Upregulated
NKX3-1,199.969372406835,2.19702100263968,0.471842011623911,0.000343332331260028,0.00964179758492891,Upregulated
GNRH1,29.8752667775564,2.52030640428136,0.463331314479436,2.64306669934097e-05,0.00102511606997935,Upregulated
ADAM32,11.4097908460202,2.44444051392994,0.491532965583857,8.28445057173261e-05,0.00284615032840032,Upregulated
KAT6A,529.210810911731,1.6938575108488,0.304737070644767,0.00169857022850648,0.0370425097715401,Upregulated
THAP1,149.331491152165,2.28005988622025,0.22092413541716,2.81211591484393e-10,3.42926135345292e-08,Upregulated
UBE2V2,586.782075172692,1.60150429900914,0.255779084421492,0.00178840761709027,0.0386090677909631,Upregulated
SOX17,18.6251215008166,2.4215108137253,0.72741773351937,0.000922013662256613,0.0221283278941587,Upregulated
TGS1,300.596492624407,1.59270483755287,0.152197621890303,1.09244855425805e-05,0.000465012063850219,Upregulated
ZBTB10,259.803377387277,3.78163622266176,0.373099713746026,1.28968455611362e-15,3.35714810606808e-13,Upregulated
SNX16,71.7548879063194,1.62538272596777,0.276453253239846,0.00209782000727869,0.0440933099666526,Upregulated
GEM,333.57270974998,3.51539156841893,0.413516009639507,2.07213959917522e-11,2.92171683483706e-09,Upregulated
PLEKHF2,180.390909964393,2.25387464143872,0.283791096187865,3.75676373534469e-07,2.23033131235201e-05,Upregulated
KLF10,1419.5181213348,3.29955837833593,0.311606798485346,3.73661158320724e-15,9.03192399826665e-13,Upregulated
MED30,74.8568820118223,2.21860381976278,0.213836638788107,5.05070678534706e-10,5.89365233159118e-08,Upregulated
MTSS1,322.668969630619,2.21537385477964,0.423612751327801,0.000132037443071692,0.00426553419908933,Upregulated
SLA,27.4425390581616,3.73609989825314,1.29380052735313,0.000122445725694117,0.00399951479843574,Upregulated
WISP1,26.4781017748197,2.53218518372185,0.994474621651595,0.0014575489104074,0.0326382271666036,Upregulated
ARC,43.7732018082859,2.52951334779936,0.694957265699337,0.000483432582076111,0.0129579077841233,Upregulated
PARP10,296.971468082437,2.34338154240782,0.619813770203238,0.000676037956766792,0.0170040090595923,Upregulated
ZNF34,58.4997258487335,2.30354185174186,0.291110792369391,2.77416301829024e-07,1.69148966736832e-05,Upregulated
ZNF7,281.644799418763,1.6050041497102,0.148809235991909,5.17840578999302e-06,0.000242542909250331,Upregulated
CD274,593.960746072097,3.395429164336,0.605811749565899,1.08933425267095e-06,5.9939953025016e-05,Upregulated
KIAA2026,213.104812795517,1.68222669351472,0.23094089340077,0.000260361305685648,0.00762824812502367,Upregulated
IFNB1,261.964883732761,6.25233434877831,1.72272938654377,1.48971013730774e-06,7.97024364371444e-05,Upregulated
DDX58,1596.47882121881,2.17448976273683,0.558020317055701,0.00100072035513246,0.023710327527232,Upregulated
SUGT1P1,9.85603520638375,2.40994277652611,0.511275128092966,0.000144484725652711,0.00463414944240571,Upregulated
ZBTB5,306.456756941049,1.67633306902072,0.240771564828374,0.000413231427589856,0.0113228757163083,Upregulated
CBWD6,38.2549282763003,2.24737754962519,0.383142687218698,3.73821099150062e-05,0.00139780176742962,Upregulated
NFIL3,843.625708762555,3.97292663576401,0.323064924314673,4.49320437700311e-22,3.0410007223557e-19,Upregulated
ZNF484,74.4449911926054,2.21340892721759,0.274976560510638,3.96494713636796e-07,2.3436473553658e-05,Upregulated
NR4A3,75.6875611570649,3.17724587337605,0.676807834087822,1.71002277666492e-05,0.000703552228113566,Upregulated
ZFP37,32.0277375952096,1.92703422289571,0.275083297095913,3.83565578434616e-05,0.001426358151014,Upregulated
ZBTB6,160.32850915931,2.45670061036569,0.286135461712653,1.29670010399245e-08,1.07025198827085e-06,Upregulated
ZBTB43,509.878634889124,3.50824525405064,0.287903112995528,5.75581191667671e-20,2.59702233680453e-17,Upregulated
ZNF79,140.412614593675,2.44167095423112,0.243857087417039,1.32876080306232e-10,1.74622390584967e-08,Upregulated
LOC100272217,15.5148559787563,1.9708275141527,0.412967905480123,0.000789607670816952,0.019397694069289,Upregulated
NTNG2,31.0077517040304,3.61013442973557,0.708847164751223,2.45582521473321e-06,0.00012544169851558,Upregulated
SETX,870.126469944562,1.6257943794456,0.250180751112538,0.0011323016645869,0.0262642884464385,Upregulated
LCN10,13.5528841667092,-6.06118002414114,5.69732618431714,8.87651540482851e-05,0.00301890734974268,Downregulated
UAP1L1,209.239937717108,1.80014068100721,0.21620078531185,1.4245660206922e-05,0.000591500786996613,Upregulated
ARHGAP6,6.54423247870661,3.87941572045628,1.38574455746177,0.00010953500261342,0.00361625803750063,Upregulated
PIGA,348.965873500849,3.34538219382147,0.330565759925339,2.86218543523139e-14,6.05352219551439e-12,Upregulated
MIR221,19.299276714286,2.14189879232995,0.46486254226677,0.000458001034434986,0.0123990040042239,Upregulated
ZNF674-AS1,66.7901613852065,2.55266739418478,0.288378573163171,2.63274973279562e-09,2.58238408573344e-07,Upregulated
EFNB1,709.060948542241,1.60845689765742,0.203201076378254,0.00027720670716417,0.00801767091490214,Upregulated
RLIM,832.195782269875,1.95970557726367,0.238455699098734,2.86657582638992e-06,0.000144783471589604,Upregulated
ZNF711,68.0673631681444,1.68158683784274,0.299400051430173,0.00175276922800831,0.0379607748325127,Upregulated
BTK,12.5204775400844,2.755696868288,0.896202166215695,0.000558347179745502,0.0145143308412594,Upregulated
ARMCX5,129.530531577184,1.88133382205233,0.188446924929836,1.70680949464002e-07,1.10542456073911e-05,Upregulated
G6PD,6650.09980602709,-1.85375432157244,0.336111919237606,0.000599406042177785,0.0153741427615935,Downregulated
